original_filename,rel_posix,md5,ahash,duplicate_status,duplicate_group_id,canonical,filename_duplicate,hash_duplicate,perceptual_duplicate
anonymous_003-007-1208-00_1732856242544_Frontal_View.jpg,no_retractors/Frontal/anonymous_003-007-1208-00_1732856242544_Frontal_View.jpg,f93006535cb46d849953f1478dc7c89a,66513985747968,perceptual_canonical,ahash_00003c7e7e7e3c00,True,False,False,True
anonymous_003-007-1239-00_1732953329744_Frontal_View.jpg,no_retractors/Frontal/anonymous_003-007-1239-00_1732953329744_Frontal_View.jpg,822a425fb7da543486fd5b1b81bb77b1,2320512822688768,perceptual_canonical,ahash_00083e7e7e7e3c00,True,False,False,True
anonymous_003-007-1241-00_1732955159187_Frontal_View.jpg,no_retractors/Frontal/anonymous_003-007-1241-00_1732955159187_Frontal_View.jpg,1db565a069b3181db530f5e681de42a1,15901680448968704,perceptual_canonical,ahash_00387e7e7e7e1800,True,False,False,True
anonymous_003-007-1406-00_1733903593844_Frontal_View.jpg,no_retractors/Frontal/anonymous_003-007-1406-00_1733903593844_Frontal_View.jpg,d949f6394447b58e4ae20575c9f1ebbf,139081753181184,perceptual_canonical,ahash_00007e7e7e7e3c00,True,False,False,True
anonymous_003-008-1243-00_1732960942070_Frontal_View.jpg,no_retractors/Frontal/anonymous_003-008-1243-00_1732960942070_Frontal_View.jpg,262bf4ce0851e4db1452fd4194d2b68f,16042969840630784,perceptual_canonical,ahash_0038fefefe7e3c00,True,False,False,True
anonymous_003-008-1275-00_1733142218216_Frontal_View.jpg,no_retractors/Frontal/anonymous_003-008-1275-00_1733142218216_Frontal_View.jpg,e38fcf4d994a3215d08a1a5f33468bbb,16042969840490496,perceptual_canonical,ahash_0038fefefe7c1800,True,False,False,True
anonymous_003-008-1396-00_1733833829814_Frontal_View.jpg,no_retractors/Frontal/anonymous_003-008-1396-00_1733833829814_Frontal_View.jpg,df4c185bc9b80977343f4c157162ba77,16042969840630784,perceptual_duplicate_of_anonymous_003-008-1243-00_1732960942070_Frontal_View.jpg,ahash_0038fefefe7e3c00,False,False,False,True
anonymous_003_007_462_00_1728566123721_Frontal_View.jpg,no_retractors/Frontal/anonymous_003_007_462_00_1728566123721_Frontal_View.jpg,e3da5a3da9c99f5cb388ab5b8d83be09,280371144818688,perceptual_canonical,ahash_0000fefefe7e0000,True,False,False,True
anonymous_003_007_506_00_1728713000303_Frontal_View.jpg,no_retractors/Frontal/anonymous_003_007_506_00_1728713000303_Frontal_View.jpg,dec71233edb9493e1a12302c9ccbcb75,139081753181184,perceptual_duplicate_of_anonymous_003-007-1406-00_1733903593844_Frontal_View.jpg,ahash_00007e7e7e7e3c00,False,False,False,True
anonymous_003_103_298_00_1727864717921_Frontal_View.jpg,no_retractors/Frontal/anonymous_003_103_298_00_1727864717921_Frontal_View.jpg,bbd13451a69c646a0d07d3c0744607e5,16042957995932672,perceptual_canonical,ahash_0038fefc3c7e7c00,True,False,False,True
anonymous_003_103_300_00_1727868501855_Frontal_View.jpg,no_retractors/Frontal/anonymous_003_103_300_00_1727868501855_Frontal_View.jpg,fbc0d32aeaaf7c594e5ec76455e964a2,76841564776569856,perceptual_canonical,ahash_0110fefefc7e1c00,True,False,False,True
anonymous_003_103_303_00_1727871236587_Frontal_View.jpg,no_retractors/Frontal/anonymous_003_103_303_00_1727871236587_Frontal_View.jpg,24f9f3502620318cc96f32f9882d30f9,17027295776374976,perceptual_canonical,ahash_003c7e3c3c3c80c0,True,False,False,True
anonymous_003_103_305_00_1727873872476_Frontal_View.jpg,no_retractors/Frontal/anonymous_003_103_305_00_1727873872476_Frontal_View.jpg,fc5d299507dfbd1fa2c890689e275076,281472820774400,perceptual_canonical,ahash_0000ffff7f7f0600,True,False,False,True
anonymous_003_103_307_00_1727875920267_Frontal_View.jpg,no_retractors/Frontal/anonymous_003_103_307_00_1727875920267_Frontal_View.jpg,f0da52bb29e81f4c25b0c24b054eb68e,279818142694400,perceptual_canonical,ahash_0000fe7e3cff3c00,True,False,False,True
anonymous_003_103_309_00_1727877534946_Frontal_View.jpg,no_retractors/Frontal/anonymous_003_103_309_00_1727877534946_Frontal_View.jpg,4a6bd601465f0566ce2bb5eb579a9edd,11538545596301441,perceptual_canonical,ahash_0028fe3eff7e0081,True,False,False,True
anonymous_003_103_310_00_1727879635589_Frontal_View.jpg,no_retractors/Frontal/anonymous_003_103_310_00_1727879635589_Frontal_View.jpg,bd7dfa0a8fcb2e431acaba4bd52f93cf,6895033097388417,perceptual_canonical,ahash_00187efefe7c0181,True,False,False,True
anonymous_003_103_330_00_1727960568473_Frontal_View.jpg,no_retractors/Frontal/anonymous_003_103_330_00_1727960568473_Frontal_View.jpg,ee96dd6de6e2ed251b4a05aefbdd08f7,280371153207296,perceptual_canonical,ahash_0000fefefefe0000,True,False,False,True
anonymous_003_103_444_00_1728484210222_Frontal_View.jpg,no_retractors/Frontal/anonymous_003_103_444_00_1728484210222_Frontal_View.jpg,3b7c4e8fdb40f060545af4ad3a1343de,139633664851968,perceptual_canonical,ahash_00007efefefe0000,True,False,False,True
anonymous_003-008-1132-00_1732528430246_Left_Lateral_View.jpg,no_retractors/Left_Lateral/anonymous_003-008-1132-00_1732528430246_Left_Lateral_View.jpg,835e0a529c2665ea628ce9c58a851db0,273774091829248,perceptual_canonical,ahash_0000f8feff7e0000,True,False,False,True
anonymous_003-008-1179-00_1732704974831_Left_Lateral_View.jpg,no_retractors/Left_Lateral/anonymous_003-008-1179-00_1732704974831_Left_Lateral_View.jpg,f7d44559b2b6c9fcd533404865a17d67,62667838193664,perceptual_canonical,ahash_000038fefe3c0000,True,False,False,True
anonymous_003-008-1227-00_1732879520454_Left_Lateral_View.jpg,no_retractors/Left_Lateral/anonymous_003-008-1227-00_1732879520454_Left_Lateral_View.jpg,b2e72ee23c397975d1fe8974b7b0964e,62667838193664,perceptual_duplicate_of_anonymous_003-008-1179-00_1732704974831_Left_Lateral_View.jpg,ahash_000038fefe3c0000,False,False,False,True
anonymous_003-008-1275-00_1733142218216_Left_Lateral_View.jpg,no_retractors/Left_Lateral/anonymous_003-008-1275-00_1733142218216_Left_Lateral_View.jpg,ac3cf3bfb96e1105b70f5cacb0203d24,273765493510144,perceptual_canonical,ahash_0000f8fcfefe1000,True,False,False,True
anonymous_003-008-1287-00_1733305972323_Left_Lateral_View.jpg,no_retractors/Left_Lateral/anonymous_003-008-1287-00_1733305972323_Left_Lateral_View.jpg,fe04a022cd948bf0576ef1a89164fe3f,273774083469312,perceptual_canonical,ahash_0000f8fefefe7000,True,False,False,True
anonymous_003-008-1354-00_1733575459863_Left_Lateral_View.jpg,no_retractors/Left_Lateral/anonymous_003-008-1354-00_1733575459863_Left_Lateral_View.jpg,d9d654f3552ed5500396588c04232eaa,273774091829248,perceptual_duplicate_of_anonymous_003-008-1132-00_1732528430246_Left_Lateral_View.jpg,ahash_0000f8feff7e0000,False,False,False,True
anonymous_003-008-599-00_1729004805118_Left_Lateral_View.jpg,no_retractors/Left_Lateral/anonymous_003-008-599-00_1729004805118_Left_Lateral_View.jpg,ee24841e5c8c734822b31edd279f92fa,273765493374976,perceptual_canonical,ahash_0000f8fcfefc0000,True,False,False,True
anonymous_003-008-646-00_1729160916094_Left_Lateral_View.jpg,no_retractors/Left_Lateral/anonymous_003-008-646-00_1729160916094_Left_Lateral_View.jpg,94b26cc80e2d7c17aedae950f2d0f9b7,273774083469312,perceptual_duplicate_of_anonymous_003-008-1287-00_1733305972323_Left_Lateral_View.jpg,ahash_0000f8fefefe7000,False,False,False,True
anonymous_003-008-683-00_1729255621249_Left_Lateral_View.jpg,no_retractors/Left_Lateral/anonymous_003-008-683-00_1729255621249_Left_Lateral_View.jpg,f258b98b2c991f0b0e782507e3a91d0a,273774091829248,perceptual_duplicate_of_anonymous_003-008-1132-00_1732528430246_Left_Lateral_View.jpg,ahash_0000f8feff7e0000,False,False,False,True
anonymous_003-008-801-00_1729865168164_Left_Lateral_View.jpg,no_retractors/Left_Lateral/anonymous_003-008-801-00_1729865168164_Left_Lateral_View.jpg,5d845f01b3cfe1ccb08297c3c4e64b8f,264969400483840,perceptual_canonical,ahash_0000f0fcfefe0000,True,False,False,True
anonymous_003-008-826-00_1729951922030_Left_Lateral_View.jpg,no_retractors/Left_Lateral/anonymous_003-008-826-00_1729951922030_Left_Lateral_View.jpg,5c265f1e07120fd209974a889dd49a5d,273765493510144,perceptual_duplicate_of_anonymous_003-008-1275-00_1733142218216_Left_Lateral_View.jpg,ahash_0000f8fcfefe1000,False,False,False,True
anonymous_003-008-860-00_1730202956330_Left_Lateral_View.jpg,no_retractors/Left_Lateral/anonymous_003-008-860-00_1730202956330_Left_Lateral_View.jpg,7a40700ae994c8aa26dabbc5bfac9aff,70083957730603008,perceptual_canonical,ahash_00f8fcfcfcfc7000,True,False,False,True
anonymous_003-008-866-00_1730209761250_Left_Lateral_View.jpg,no_retractors/Left_Lateral/anonymous_003-008-866-00_1730209761250_Left_Lateral_View.jpg,290574ac676f7b0a6d51c990c648c822,273774075052032,perceptual_canonical,ahash_0000f8fefe7e0000,True,False,False,True
anonymous_003_103_298_00_1727864717921_Left_Lateral_View.jpg,no_retractors/Left_Lateral/anonymous_003_103_298_00_1727864717921_Left_Lateral_View.jpg,036bd30dea7b5b8345807f8ebb9f96d6,13835331803595683840,perceptual_canonical,ahash_c000f8f8fefc3800,True,False,False,True
anonymous_003_103_300_00_1727868501855_Left_Lateral_View.jpg,no_retractors/Left_Lateral/anonymous_003_103_300_00_1727868501855_Left_Lateral_View.jpg,8c4846440ac65a2d1d3f42e169ef45a1,13835338426401423552,perceptual_canonical,ahash_c000fefefcf800c0,True,False,False,True
anonymous_003_103_303_00_1727871236587_Left_Lateral_View.jpg,no_retractors/Left_Lateral/anonymous_003_103_303_00_1727871236587_Left_Lateral_View.jpg,2c07bbccb453393c65303a70bb20ec64,67831964668264448,perceptual_canonical,ahash_00f0fccffe780000,True,False,False,True
anonymous_003_103_305_00_1727873872476_Left_Lateral_View.jpg,no_retractors/Left_Lateral/anonymous_003_103_305_00_1727873872476_Left_Lateral_View.jpg,e58e20388f699d1a61b11f6ffcbee86b,67834365521428481,perceptual_canonical,ahash_00f0fefefc780001,True,False,False,True
anonymous_003_103_307_00_1727875920267_Left_Lateral_View.jpg,no_retractors/Left_Lateral/anonymous_003_103_307_00_1727875920267_Left_Lateral_View.jpg,95ca308ee9684f430b9940e0f7212fe3,17361654469354872832,perceptual_canonical,ahash_f0f0fcc0fef86000,True,False,False,True
anonymous_003_103_309_00_1727877534946_Left_Lateral_View.jpg,no_retractors/Left_Lateral/anonymous_003_103_309_00_1727877534946_Left_Lateral_View.jpg,89e365f7303a8059643760227e3c9106,4681765578111188992,perceptual_canonical,ahash_40f8f8fcfcf80000,True,False,False,True
anonymous_003_103_310_00_1727879635589_Left_Lateral_View.jpg,no_retractors/Left_Lateral/anonymous_003_103_310_00_1727879635589_Left_Lateral_View.jpg,ee0129ec8ca81658dde7adf641ea7697,264973611254017,perceptual_canonical,ahash_0000f0fdf9f94101,True,False,False,True
anonymous_003_103_300_00_1727868501855_Mandibular_View.jpg,no_retractors/Mandibular/anonymous_003_103_300_00_1727868501855_Mandibular_View.jpg,41f933c1f4c66caaf4d813e719a2cc42,277059070753848,perceptual_canonical,ahash_0000fbfbd77e7c38,True,False,False,True
anonymous_003_103_303_00_1727871236587_Mandibular_View.jpg,no_retractors/Mandibular/anonymous_003_103_303_00_1727871236587_Mandibular_View.jpg,e29edeb987f6be39ff90f4bdaba95a2f,169586987282283800,perceptual_canonical,ahash_025a7e77677d3d18,True,False,False,True
anonymous_003_103_305_00_1727873872476_Mandibular_View.jpg,no_retractors/Mandibular/anonymous_003_103_305_00_1727873872476_Mandibular_View.jpg,cf9e497432692cd2f7e64f059e498465,9079753567170346044,perceptual_canonical,ahash_7e01c3c343463c3c,True,False,False,True
anonymous_003_103_307_00_1727875920267_Mandibular_View.jpg,no_retractors/Mandibular/anonymous_003_103_307_00_1727875920267_Mandibular_View.jpg,c67113e7f1eb614ca0040515a68be17a,1772689665654676540,perceptual_canonical,ahash_1899dbdbda5a5c3c,True,False,False,True
anonymous_003_103_309_00_1727877534946_Mandibular_View.jpg,no_retractors/Mandibular/anonymous_003_103_309_00_1727877534946_Mandibular_View.jpg,9cc49e6b80a5f8b81e4b226f04cc89a7,8683436799944965180,perceptual_canonical,ahash_7881c3c342463c3c,True,False,False,True
anonymous_003_103_310_00_1727879635589_Mandibular_View.jpg,no_retractors/Mandibular/anonymous_003_103_310_00_1727879635589_Mandibular_View.jpg,79cc6314a7cc84ea704ec5aceed0cb4a,13672299287240143932,perceptual_canonical,ahash_bdbdc3c346c6743c,True,False,False,True
anonymous_003-007-1212-00_1732860958536_Maxillary_Occlusal_View.jpg,no_retractors/Maxillary_Occlusal/anonymous_003-007-1212-00_1732860958536_Maxillary_Occlusal_View.jpg,59f52f39d86d82b22872504dd818d226,2035204148080870144,perceptual_canonical,ahash_1c3e7f63c3c30300,True,False,False,True
anonymous_003-007-985-00_1730956707154_Maxillary_Occlusal_View.jpg,no_retractors/Maxillary_Occlusal/anonymous_003-007-985-00_1730956707154_Maxillary_Occlusal_View.jpg,7d24a157a24b2ead13627d633c6493a0,4359033930574447360,perceptual_canonical,ahash_3c7e6643c3c3c300,True,False,False,True
anonymous_003_103_298_00_1727864717921_Maxillary_Occlusal_View.jpg,no_retractors/Maxillary_Occlusal/anonymous_003_103_298_00_1727864717921_Maxillary_Occlusal_View.jpg,ed2e160144f961620626d2757601fd63,4070240600159082777,perceptual_canonical,ahash_387c6642c2dad919,True,False,False,True
anonymous_003_103_300_00_1727868501855_Maxillary_Occlusal_View.jpg,no_retractors/Maxillary_Occlusal/anonymous_003_103_300_00_1727868501855_Maxillary_Occlusal_View.jpg,193247fc6968c4a07adc039578b908c9,1746330554258620220,perceptual_canonical,ahash_183c3662fafeff3c,True,False,False,True
anonymous_003_103_303_00_1727871236587_Maxillary_Occlusal_View.jpg,no_retractors/Maxillary_Occlusal/anonymous_003_103_303_00_1727871236587_Maxillary_Occlusal_View.jpg,1b619f26d7091d2f81b94664a5656d0c,4358470976730290200,perceptual_canonical,ahash_3c7c6642dbdbd818,True,False,False,True
anonymous_003_103_305_00_1727873872476_Maxillary_Occlusal_View.jpg,no_retractors/Maxillary_Occlusal/anonymous_003_103_305_00_1727873872476_Maxillary_Occlusal_View.jpg,a2411ab261a06b3e7ff870c629eb51ac,4359030082285312256,perceptual_canonical,ahash_3c7e62c3c3db9900,True,False,False,True
anonymous_003_103_307_00_1727875920267_Maxillary_Occlusal_View.jpg,no_retractors/Maxillary_Occlusal/anonymous_003_103_307_00_1727875920267_Maxillary_Occlusal_View.jpg,0e1329a645a42414c2681cd3b962baef,1746383330277851068,perceptual_canonical,ahash_183c6662dadfffbc,True,False,False,True
anonymous_003_103_309_00_1727877534946_Maxillary_Occlusal_View.jpg,no_retractors/Maxillary_Occlusal/anonymous_003_103_309_00_1727877534946_Maxillary_Occlusal_View.jpg,b6f1a7c23e85a5ecd46813bdfa3f7b68,1746383209617947966,perceptual_canonical,ahash_183c6646c2fbfd3e,True,False,False,True
anonymous_003_103_310_00_1727879635589_Maxillary_Occlusal_View.jpg,no_retractors/Maxillary_Occlusal/anonymous_003_103_310_00_1727879635589_Maxillary_Occlusal_View.jpg,5ea3ad7a51c201c3b31528588de43e9f,4070241150334393096,perceptual_canonical,ahash_387c66c2dbdbdb08,True,False,False,True
anonymous_003-008-1072-00_1731415782557_Right_Lateral_View.jpg,no_retractors/Right_Lateral/anonymous_003-008-1072-00_1731415782557_Right_Lateral_View.jpg,269f1779315d428663eccf846586e4b8,8514066129551360,perceptual_canonical,ahash_001e3f7f7f3f0000,True,False,False,True
anonymous_003-008-1251-00_1732969328065_Right_Lateral_View.jpg,no_retractors/Right_Lateral/anonymous_003-008-1251-00_1732969328065_Right_Lateral_View.jpg,e2525253c6f457bd36b9f8a8f3235c0c,15665884765184,perceptual_canonical,ahash_00000e3f7f7f1c00,True,False,False,True
anonymous_003-008-1305-00_1733394975162_Right_Lateral_View.jpg,no_retractors/Right_Lateral/anonymous_003-008-1305-00_1733394975162_Right_Lateral_View.jpg,fd9127b3080ab94d20d430637c18ed31,2004957292920832,perceptual_canonical,ahash_00071f7f7f3c0000,True,False,False,True
anonymous_003-008-1438-00_1734004111041_Right_Lateral_View.jpg,no_retractors/Right_Lateral/anonymous_003-008-1438-00_1734004111041_Right_Lateral_View.jpg,eba138cc4bb6b5e26d781cfc5d61ddbb,68717316607744,perceptual_canonical,ahash_00003e7f7f3f0f00,True,False,False,True
anonymous_003-008-1440-00_1734006422034_Right_Lateral_View.jpg,no_retractors/Right_Lateral/anonymous_003-008-1440-00_1734006422034_Right_Lateral_View.jpg,2dce2338260983bc143cfbf09edfd9b3,68717320732672,perceptual_canonical,ahash_00003e7f7f7e0000,True,False,False,True
anonymous_003_103_298_00_1727864717921_Right_Lateral_View.jpg,no_retractors/Right_Lateral/anonymous_003_103_298_00_1727864717921_Right_Lateral_View.jpg,8acf176fd5d65f9b8a474530e1a2a004,1089623991351377921,perceptual_canonical,ahash_0f1f1f3f3f3e0001,True,False,False,True
anonymous_003_103_300_00_1727868501855_Right_Lateral_View.jpg,no_retractors/Right_Lateral/anonymous_003_103_300_00_1727868501855_Right_Lateral_View.jpg,9229ba18cbea9e25bf3c0effd34c9f6b,508642322646040839,perceptual_canonical,ahash_070f0f7f5f0c0107,True,False,False,True
anonymous_003_103_303_00_1727871236587_Right_Lateral_View.jpg,no_retractors/Right_Lateral/anonymous_003_103_303_00_1727871236587_Right_Lateral_View.jpg,ba183137af2212e30a8d613006785c5d,508659640494394880,perceptual_canonical,ahash_070f1f3f7f3f0e00,True,False,False,True
anonymous_003_103_305_00_1727873872476_Right_Lateral_View.jpg,no_retractors/Right_Lateral/anonymous_003_103_305_00_1727873872476_Right_Lateral_View.jpg,67f6563be7d15aa80ab1cfdd3ae1d529,441140829380083712,perceptual_canonical,ahash_061f3f3f3f1f0000,True,False,False,True
anonymous_003_103_307_00_1727875920267_Right_Lateral_View.jpg,no_retractors/Right_Lateral/anonymous_003_103_307_00_1727875920267_Right_Lateral_View.jpg,ca4233f7ed76833a553e9aa536fec4d8,508694823591415296,perceptual_canonical,ahash_070f3f3f333f0e00,True,False,False,True
anonymous_003_103_309_00_1727877534946_Right_Lateral_View.jpg,no_retractors/Right_Lateral/anonymous_003_103_309_00_1727877534946_Right_Lateral_View.jpg,a2c942d7a4609c2c20edbd5c18ecfc13,74062275377299457,perceptual_canonical,ahash_01071f3f3f1f0001,True,False,False,True
anonymous_003_103_310_00_1727879635589_Right_Lateral_View.jpg,no_retractors/Right_Lateral/anonymous_003_103_310_00_1727879635589_Right_Lateral_View.jpg,ec34dd23b39d5a40ccae96096d3f86a3,506390247420923521,perceptual_canonical,ahash_07070f3f3f3f0e81,True,False,False,True
anonymous-frontalView-1727186781847.jpg,pilot/Frontal/anonymous-frontalView-1727186781847.jpg,7540f12c4fcbcbdec4f261bb06c34ec3,6894481194090496,perceptual_canonical,ahash_00187e7e7e7c0000,True,False,False,True
anonymous-frontalView-1727428268803.jpg,pilot/Frontal/anonymous-frontalView-1727428268803.jpg,de2aebfc8dbbf13e9b87ed01ee797954,139081753167872,perceptual_canonical,ahash_00007e7e7e7e0800,True,False,False,True
anonymous-frontalView-1727441649748.jpg,pilot/Frontal/anonymous-frontalView-1727441649748.jpg,d1124a6a58ffd9cfaa6f9e89d65e9ee2,1157564185987383296,perceptual_canonical,ahash_10107e7e7e7e0000,True,False,False,True
anonymous-frontalView-1727864379482.jpg,pilot/Frontal/anonymous-frontalView-1727864379482.jpg,44bc88abde2219c80b7745093f68d98d,592360233728999440,perceptual_canonical,ahash_08387c7e7e7c0010,True,False,False,True
anonymous-frontalView-1727864790998.jpg,pilot/Frontal/anonymous-frontalView-1727864790998.jpg,741087cec532b3b3e8b877da8c68ba91,16042957995932672,perceptual_duplicate_of_anonymous_003_103_298_00_1727864717921_Frontal_View.jpg,ahash_0038fefc3c7e7c00,False,False,False,True
anonymous-frontalView-1727868181581.jpg,pilot/Frontal/anonymous-frontalView-1727868181581.jpg,bfd8aaff3d98a01da0d8256d70379a49,6894472604293168,perceptual_canonical,ahash_00187e7c7e7e1830,True,False,False,True
anonymous-frontalView-1727868567499.jpg,pilot/Frontal/anonymous-frontalView-1727868567499.jpg,d5c72abf4133485c45fc4b4be88712af,76841564776569856,perceptual_duplicate_of_anonymous_003_103_300_00_1727868501855_Frontal_View.jpg,ahash_0110fefefc7e1c00,False,False,False,True
anonymous-frontalView-1727870763972.jpg,pilot/Frontal/anonymous-frontalView-1727870763972.jpg,cf5d76e2706a6279e20a4b4db1d9a750,1746409837261888512,perceptual_canonical,ahash_183c7e7e7e3e1c00,True,False,False,True
anonymous-frontalView-1727871419789.jpg,pilot/Frontal/anonymous-frontalView-1727871419789.jpg,2be87159ca3581fdf1895a1d4485ca62,17027295776374976,perceptual_duplicate_of_anonymous_003_103_303_00_1727871236587_Frontal_View.jpg,ahash_003c7e3c3c3c80c0,False,False,False,True
anonymous-frontalView-1727873577995.jpg,pilot/Frontal/anonymous-frontalView-1727873577995.jpg,afbbe2d8a49e672fa98f727e64077523,136882729910272,perceptual_canonical,ahash_00007c7e7e7e0000,True,False,False,True
anonymous-frontalView-1727873972321.jpg,pilot/Frontal/anonymous-frontalView-1727873972321.jpg,2f2d211e4d5959a175a59a7cbf9b1525,281472820774400,perceptual_duplicate_of_anonymous_003_103_305_00_1727873872476_Frontal_View.jpg,ahash_0000ffff7f7f0600,False,False,False,True
anonymous-frontalView-1727875640825.jpg,pilot/Frontal/anonymous-frontalView-1727875640825.jpg,564115be2470c46281df6083b16ff21f,4549777805483609614,perceptual_canonical,ahash_3f240eceeece8e0e,True,False,False,True
anonymous-frontalView-1727876003614.jpg,pilot/Frontal/anonymous-frontalView-1727876003614.jpg,97b88a5a768bd86d9a158faa86ca6eae,279818142694400,perceptual_duplicate_of_anonymous_003_103_307_00_1727875920267_Frontal_View.jpg,ahash_0000fe7e3cff3c00,False,False,False,True
anonymous-frontalView-1727877290347.jpg,pilot/Frontal/anonymous-frontalView-1727877290347.jpg,545a9fc4728ea15cb70a952f168cef36,139081748971544,perceptual_canonical,ahash_00007e7e7e3e0018,True,False,False,True
anonymous-frontalView-1727877582333.jpg,pilot/Frontal/anonymous-frontalView-1727877582333.jpg,0a54b340113376b4d963e4e76dd81d1a,11538545596301441,perceptual_duplicate_of_anonymous_003_103_309_00_1727877534946_Frontal_View.jpg,ahash_0028fe3eff7e0081,False,False,False,True
anonymous-frontalView-1727879831516.jpg,pilot/Frontal/anonymous-frontalView-1727879831516.jpg,c9299fb24203c055c91b7c0de026bb14,6895033097388417,perceptual_duplicate_of_anonymous_003_103_310_00_1727879635589_Frontal_View.jpg,ahash_00187efefe7c0181,False,False,False,True
anonymous-leftLateralView-1727172283744.jpg,pilot/Left_Lateral/anonymous-leftLateralView-1727172283744.jpg,ee4212670f878d87ad1f2b21faadd508,70083957730603008,perceptual_duplicate_of_anonymous_003-008-860-00_1730202956330_Left_Lateral_View.jpg,ahash_00f8fcfcfcfc7000,False,False,False,True
anonymous-leftLateralView-1727864514194.jpg,pilot/Left_Lateral/anonymous-leftLateralView-1727864514194.jpg,2091a551c60315f4fcfec9307089fd52,329036538257920000,perceptual_canonical,ahash_0490f8fcfcfcd000,True,False,False,True
anonymous-leftLateralView-1727864964644.jpg,pilot/Left_Lateral/anonymous-leftLateralView-1727864964644.jpg,2473ab7a2d7d6e8cb1ec0520807a02bd,13835331803595683840,perceptual_duplicate_of_anonymous_003_103_298_00_1727864717921_Left_Lateral_View.jpg,ahash_c000f8f8fefc3800,False,False,False,True
anonymous-leftLateralView-1727868277532.jpg,pilot/Left_Lateral/anonymous-leftLateralView-1727868277532.jpg,24cab704c0dd759751ae486514783a1e,67827759861727232,perceptual_canonical,ahash_00f0f8fcfc780000,True,False,False,True
anonymous-leftLateralView-1727868672042.jpg,pilot/Left_Lateral/anonymous-leftLateralView-1727868672042.jpg,226e19b9b59c7338b573f4a78d027992,13835338426401423552,perceptual_duplicate_of_anonymous_003_103_300_00_1727868501855_Left_Lateral_View.jpg,ahash_c000fefefcf800c0,False,False,False,True
anonymous-leftLateralView-1727870920176.jpg,pilot/Left_Lateral/anonymous-leftLateralView-1727870920176.jpg,3512651fc294e825f5b60d0cb0dcd83f,273748280012800,perceptual_canonical,ahash_0000f8f8fcfcf000,True,False,False,True
anonymous-leftLateralView-1727871554832.jpg,pilot/Left_Lateral/anonymous-leftLateralView-1727871554832.jpg,63ba0a89bde25a9afe1c49c5400a5182,67831964668264448,perceptual_duplicate_of_anonymous_003_103_303_00_1727871236587_Left_Lateral_View.jpg,ahash_00f0fccffe780000,False,False,False,True
anonymous-leftLateralView-1727873698984.jpg,pilot/Left_Lateral/anonymous-leftLateralView-1727873698984.jpg,9941c9ed99357d973bda23bc117a7174,67832166540408832,perceptual_canonical,ahash_00f0fcfefefc7800,True,False,False,True
anonymous-leftLateralView-1727874131436.jpg,pilot/Left_Lateral/anonymous-leftLateralView-1727874131436.jpg,2f10fc967f6151fc7ed5bdaab55fcc42,67834365521428481,perceptual_duplicate_of_anonymous_003_103_305_00_1727873872476_Left_Lateral_View.jpg,ahash_00f0fefefc780001,False,False,False,True
anonymous-leftLateralView-1727875767700.jpg,pilot/Left_Lateral/anonymous-leftLateralView-1727875767700.jpg,9aa54f324885a1e6aa5beed7ba9a9faa,273774083338240,perceptual_canonical,ahash_0000f8fefefc7000,True,False,False,True
anonymous-leftLateralView-1727876098461.jpg,pilot/Left_Lateral/anonymous-leftLateralView-1727876098461.jpg,a4f0fc130f40442384b859f843d75df8,17361654469354872832,perceptual_duplicate_of_anonymous_003_103_307_00_1727875920267_Left_Lateral_View.jpg,ahash_f0f0fcc0fef86000,False,False,False,True
anonymous-leftLateralView-1727877375379.jpg,pilot/Left_Lateral/anonymous-leftLateralView-1727877375379.jpg,42b7c1d7872c641cf6cd74b60c7200ec,264969366597632,perceptual_canonical,ahash_0000f0fcfcf8f000,True,False,False,True
anonymous-leftLateralView-1727877664761.jpg,pilot/Left_Lateral/anonymous-leftLateralView-1727877664761.jpg,0b0ddb5f6e48c23cc67dc1cb0ae2b789,4681765578111188992,perceptual_duplicate_of_anonymous_003_103_309_00_1727877534946_Left_Lateral_View.jpg,ahash_40f8f8fcfcf80000,False,False,False,True
anonymous-leftLateralView-1727879926503.jpg,pilot/Left_Lateral/anonymous-leftLateralView-1727879926503.jpg,6a2cee28a304b61bc674692ed63a1edd,264973611254017,perceptual_duplicate_of_anonymous_003_103_310_00_1727879635589_Left_Lateral_View.jpg,ahash_0000f0fdf9f94101,False,False,False,True
anonymous-mandibularView-1727864656191.jpg,pilot/Mandibular/anonymous-mandibularView-1727864656191.jpg,bc3d5bbfb1c659eedf0889a461715a90,18304881069215611964,perceptual_canonical,ahash_fe0800595a5e7c3c,True,False,False,True
anonymous-mandibularView-1727868418747.jpg,pilot/Mandibular/anonymous-mandibularView-1727868418747.jpg,e5a60262fa947066f92632593e7d7b3f,11374220479310490684,perceptual_canonical,ahash_9dd9594342466c3c,True,False,False,True
anonymous-mandibularView-1727868820474.jpg,pilot/Mandibular/anonymous-mandibularView-1727868820474.jpg,0ff4f5ab4dbd7b46a80d710605a902f7,277059070753848,perceptual_duplicate_of_anonymous_003_103_300_00_1727868501855_Mandibular_View.jpg,ahash_0000fbfbd77e7c38,False,False,False,True
anonymous-mandibularView-1727871049870.jpg,pilot/Mandibular/anonymous-mandibularView-1727871049870.jpg,b5f281f298b047db47e8522a309d65e9,8647416801318042684,perceptual_canonical,ahash_7801cbc3cb4e7c3c,True,False,False,True
anonymous-mandibularView-1727871833598.jpg,pilot/Mandibular/anonymous-mandibularView-1727871833598.jpg,59730f192e24b38e50c1a6ac4debd206,169586987282283800,perceptual_duplicate_of_anonymous_003_103_303_00_1727871236587_Mandibular_View.jpg,ahash_025a7e77677d3d18,False,False,False,True
anonymous-mandibularView-1727873809936.jpg,pilot/Mandibular/anonymous-mandibularView-1727873809936.jpg,81d0bb2fe74ecf641cf12ef8acedfa16,1783706667360074776,perceptual_canonical,ahash_18c0ffc3737e3c18,True,False,False,True
anonymous-mandibularView-1727874329470.jpg,pilot/Mandibular/anonymous-mandibularView-1727874329470.jpg,f91578c560a5843c6146f90660f649d1,9079753567170346044,perceptual_duplicate_of_anonymous_003_103_305_00_1727873872476_Mandibular_View.jpg,ahash_7e01c3c343463c3c,False,False,False,True
anonymous-mandibularView-1727875877197.jpg,pilot/Mandibular/anonymous-mandibularView-1727875877197.jpg,0b6d6375993b9a1acd3b02a34b500925,36244077951220796,perceptual_canonical,ahash_0080c3cbff7e7c3c,True,False,False,True
anonymous-mandibularView-1727876204700.jpg,pilot/Mandibular/anonymous-mandibularView-1727876204700.jpg,b19b29d547919cc9ebd4008226377233,1772689665654676540,perceptual_duplicate_of_anonymous_003_103_307_00_1727875920267_Mandibular_View.jpg,ahash_1899dbdbda5a5c3c,False,False,False,True
anonymous-mandibularView-1727877464494.jpg,pilot/Mandibular/anonymous-mandibularView-1727877464494.jpg,4dd97bc1b09553cdd0c04d6701e06dc9,18158656496064425016,perceptual_canonical,ahash_fc0081dfde426c38,True,False,False,True
anonymous-mandibularView-1727877767615.jpg,pilot/Mandibular/anonymous-mandibularView-1727877767615.jpg,a790507e46d13f1fdbfe0e9d658e45c6,8683436799944965180,perceptual_duplicate_of_anonymous_003_103_309_00_1727877534946_Mandibular_View.jpg,ahash_7881c3c342463c3c,False,False,False,True
anonymous-mandibularView-1727880039817.jpg,pilot/Mandibular/anonymous-mandibularView-1727880039817.jpg,36ba82f4a5d0efad306a8a2ff4b08929,13672299287240143932,perceptual_duplicate_of_anonymous_003_103_310_00_1727879635589_Mandibular_View.jpg,ahash_bdbdc3c346c6743c,False,False,False,True
anonymous-maxillaryView-1727864559466.jpg,pilot/Maxillary_Occlusal/anonymous-maxillaryView-1727864559466.jpg,cc5c240fbc0a1047453444d4715dfb42,2035176656114277438,perceptual_canonical,ahash_1c3e6662cadbdc3e,True,False,False,True
anonymous-maxillaryView-1727865011963.jpg,pilot/Maxillary_Occlusal/anonymous-maxillaryView-1727865011963.jpg,2f7fc4674c92746ab20484196e3ef854,4070240600159082777,perceptual_duplicate_of_anonymous_003_103_298_00_1727864717921_Maxillary_Occlusal_View.jpg,ahash_387c6642c2dad919,False,False,False,True
anonymous-maxillaryView-1727868347839.jpg,pilot/Maxillary_Occlusal/anonymous-maxillaryView-1727868347839.jpg,4cd1f4704a669314cb9b768e7ca9441a,2034560947604643640,perceptual_canonical,ahash_1c3c3666fbdb5f38,True,False,False,True
anonymous-maxillaryView-1727868739995.jpg,pilot/Maxillary_Occlusal/anonymous-maxillaryView-1727868739995.jpg,69805b2451952e41418687b3762d805e,1746330554258620220,perceptual_duplicate_of_anonymous_003_103_300_00_1727868501855_Maxillary_Occlusal_View.jpg,ahash_183c3662fafeff3c,False,False,False,True
anonymous-maxillaryView-1727870975790.jpg,pilot/Maxillary_Occlusal/anonymous-maxillaryView-1727870975790.jpg,f9fe872d0f1ccc7fbdad3c1320061604,4340457145139681848,perceptual_canonical,ahash_3c3c66c6dadb5a38,True,False,False,True
anonymous-maxillaryView-1727871602633.jpg,pilot/Maxillary_Occlusal/anonymous-maxillaryView-1727871602633.jpg,4faf95e46f4e0bb1071192b6ef340553,4358470976730290200,perceptual_duplicate_of_anonymous_003_103_303_00_1727871236587_Maxillary_Occlusal_View.jpg,ahash_3c7c6642dbdbd818,False,False,False,True
anonymous-maxillaryView-1727873753992.jpg,pilot/Maxillary_Occlusal/anonymous-maxillaryView-1727873753992.jpg,effb7b8efa48e05fd51f23165c7b915e,6358069898209122328,perceptual_canonical,ahash_583c66e2cbdbd818,True,False,False,True
anonymous-maxillaryView-1727874204253.jpg,pilot/Maxillary_Occlusal/anonymous-maxillaryView-1727874204253.jpg,ae53d9aeddb57b4c7d3262ddb1612323,4359030082285312256,perceptual_duplicate_of_anonymous_003_103_305_00_1727873872476_Maxillary_Occlusal_View.jpg,ahash_3c7e62c3c3db9900,False,False,False,True
anonymous-maxillaryView-1727875819210.jpg,pilot/Maxillary_Occlusal/anonymous-maxillaryView-1727875819210.jpg,339a4939127e16fe2b92cb73279d87ed,1746381148434202429,perceptual_canonical,ahash_183c6466dadbff3d,True,False,False,True
anonymous-maxillaryView-1727876144453.jpg,pilot/Maxillary_Occlusal/anonymous-maxillaryView-1727876144453.jpg,5174cf068fe320aea9012b2aedcf28a0,1746383330277851068,perceptual_duplicate_of_anonymous_003_103_307_00_1727875920267_Maxillary_Occlusal_View.jpg,ahash_183c6662dadfffbc,False,False,False,True
anonymous-maxillaryView-1727877409990.jpg,pilot/Maxillary_Occlusal/anonymous-maxillaryView-1727877409990.jpg,fd4acd2e9e45d443e471256da5b3471b,1746383327872162878,perceptual_canonical,ahash_183c66624b7c1c3e,True,False,False,True
anonymous-maxillaryView-1727877709208.jpg,pilot/Maxillary_Occlusal/anonymous-maxillaryView-1727877709208.jpg,1e53cf68639647713891519f1ef7f5f0,1746383209617947966,perceptual_duplicate_of_anonymous_003_103_309_00_1727877534946_Maxillary_Occlusal_View.jpg,ahash_183c6646c2fbfd3e,False,False,False,True
anonymous-maxillaryView-1727879986025.jpg,pilot/Maxillary_Occlusal/anonymous-maxillaryView-1727879986025.jpg,dbbdaeb96e4e361046a6d8151153cfa3,4070241150334393096,perceptual_duplicate_of_anonymous_003_103_310_00_1727879635589_Maxillary_Occlusal_View.jpg,ahash_387c66c2dbdbdb08,False,False,False,True
anonymous-rightLateralView-1727864470758.jpg,pilot/Right_Lateral/anonymous-rightLateralView-1727864470758.jpg,29a7edde1ae092e7c7374e60cce5287c,9736570460274819072,perceptual_canonical,ahash_871f3f3f3f3e0000,True,False,False,True
anonymous-rightLateralView-1727864925514.jpg,pilot/Right_Lateral/anonymous-rightLateralView-1727864925514.jpg,aa9d9419d247f213dee8e18c5e946622,1089623991351377921,perceptual_duplicate_of_anonymous_003_103_298_00_1727864717921_Right_Lateral_View.jpg,ahash_0f1f1f3f3f3e0001,False,False,False,True
anonymous-rightLateralView-1727868231772.jpg,pilot/Right_Lateral/anonymous-rightLateralView-1727868231772.jpg,ab880d40f818fc5a29d0dc88bc3ceb54,147316412944089607,perceptual_canonical,ahash_020b5f7f3f1e0207,True,False,False,True
anonymous-rightLateralView-1727868621582.jpg,pilot/Right_Lateral/anonymous-rightLateralView-1727868621582.jpg,7324d3776e9d5114957ee83ec60bdd3e,508642322646040839,perceptual_duplicate_of_anonymous_003_103_300_00_1727868501855_Right_Lateral_View.jpg,ahash_070f0f7f5f0c0107,False,False,False,True
anonymous-rightLateralView-1727870857602.jpg,pilot/Right_Lateral/anonymous-rightLateralView-1727870857602.jpg,9667c4d5a84b9e930c009ee371faa9d6,152910453230410752,perceptual_canonical,ahash_021f3f3f3f3e1c00,True,False,False,True
anonymous-rightLateralView-1727871487401.jpg,pilot/Right_Lateral/anonymous-rightLateralView-1727871487401.jpg,62a48d666d8d466a25cf7f20c473e229,508659640494394880,perceptual_duplicate_of_anonymous_003_103_303_00_1727871236587_Right_Lateral_View.jpg,ahash_070f1f3f7f3f0e00,False,False,False,True
anonymous-rightLateralView-1727873648476.jpg,pilot/Right_Lateral/anonymous-rightLateralView-1727873648476.jpg,06692d9a7e7a43df1e1b644da6ff8958,224968047268404224,perceptual_canonical,ahash_031f3f3f3f3f1c00,True,False,False,True
anonymous-rightLateralView-1727874072518.jpg,pilot/Right_Lateral/anonymous-rightLateralView-1727874072518.jpg,046b8473aabfee6ad28f86b5e91bee82,441140829380083712,perceptual_duplicate_of_anonymous_003_103_305_00_1727873872476_Right_Lateral_View.jpg,ahash_061f3f3f3f1f0000,False,False,False,True
anonymous-rightLateralView-1727876053493.jpg,pilot/Right_Lateral/anonymous-rightLateralView-1727876053493.jpg,1d54d8b98649e9b156751a76a00a2af6,508694823591415296,perceptual_duplicate_of_anonymous_003_103_307_00_1727875920267_Right_Lateral_View.jpg,ahash_070f3f3f333f0e00,False,False,False,True
anonymous-rightLateralView-1727877334079.jpg,pilot/Right_Lateral/anonymous-rightLateralView-1727877334079.jpg,e082059a0294c360f6a2af69822026c9,72091950540327939,perceptual_canonical,ahash_01001f3f3f1f0c03,True,False,False,True
anonymous-rightLateralView-1727877627985.jpg,pilot/Right_Lateral/anonymous-rightLateralView-1727877627985.jpg,8124250cccb2bec8e3c7e612ce26de27,74062275377299457,perceptual_duplicate_of_anonymous_003_103_309_00_1727877534946_Right_Lateral_View.jpg,ahash_01071f3f3f1f0001,False,False,False,True
anonymous-rightLateralView-1727879886967.jpg,pilot/Right_Lateral/anonymous-rightLateralView-1727879886967.jpg,6a54b963a502397316bce2044ef648fd,506390247420923521,perceptual_duplicate_of_anonymous_003_103_310_00_1727879635589_Right_Lateral_View.jpg,ahash_07070f3f3f3f0e81,False,False,False,True
anonymous_003-007-1011-01_1731051758521_Frontal_View.jpg,retractors/Frontal/anonymous_003-007-1011-01_1731051758521_Frontal_View.jpg,32975fd17433cb6a063c0556e390c613,6894481194090496,perceptual_duplicate_of_anonymous-frontalView-1727186781847.jpg,ahash_00187e7e7e7c0000,False,False,False,True
anonymous_003-007-1043-01_1731313150655_Frontal_View.jpg,retractors/Frontal/anonymous_003-007-1043-01_1731313150655_Frontal_View.jpg,3e40ddcad2b11a143fa25c46842db392,6821913426788352,perceptual_canonical,ahash_00183c7e7e7e0000,True,False,False,True
anonymous_003-007-1057-01_1731389144492_Frontal_View.jpg,retractors/Frontal/anonymous_003-007-1057-01_1731389144492_Frontal_View.jpg,b21e901eaf8bbadb150f0903c40989d2,6892282170981376,perceptual_canonical,ahash_00187c7e7e7e3c00,True,False,False,True
anonymous_003-007-1077-01_1731472609793_Frontal_View.jpg,retractors/Frontal/anonymous_003-007-1077-01_1731472609793_Frontal_View.jpg,9ff019352d80112b131f5147c4760140,6894481194221568,perceptual_canonical,ahash_00187e7e7e7e0000,True,False,False,True
anonymous_003-007-1079-01_1731475054270_Frontal_View.jpg,retractors/Frontal/anonymous_003-007-1079-01_1731475054270_Frontal_View.jpg,bbce7dca7defd8292072cbfeb31fdbd7,139081753167872,perceptual_duplicate_of_anonymous-frontalView-1727428268803.jpg,ahash_00007e7e7e7e0800,False,False,False,True
anonymous_003-007-1150-01_1732607471437_Frontal_View.jpg,retractors/Frontal/anonymous_003-007-1150-01_1732607471437_Frontal_View.jpg,5147813e98d0a0b19dd536e76fa6b88f,7950012356755456,perceptual_canonical,ahash_001c3e7e7e7c0000,True,False,False,True
anonymous_003-007-1164-01_1732681409763_Frontal_View.jpg,retractors/Frontal/anonymous_003-007-1164-01_1732681409763_Frontal_View.jpg,838f68231c0bd359de090c93b0796ecc,139081753165824,perceptual_canonical,ahash_00007e7e7e7e0000,True,False,False,True
anonymous_003-007-1211-01_1732860586562_Frontal_View.jpg,retractors/Frontal/anonymous_003-007-1211-01_1732860586562_Frontal_View.jpg,8b7c4a2decc233c0605074a7c3e228dc,6894481194227712,perceptual_canonical,ahash_00187e7e7e7e1800,True,False,False,True
anonymous_003-007-1282-01_1733296511775_Frontal_View.jpg,retractors/Frontal/anonymous_003-007-1282-01_1733296511775_Frontal_View.jpg,0582022b1b9f0a8950f5929013147d17,17027580351479808,perceptual_canonical,ahash_003c7e7e7e3c0000,True,False,False,True
anonymous_003-007-1298-01_1733383416338_Frontal_View.jpg,retractors/Frontal/anonymous_003-007-1298-01_1733383416338_Frontal_View.jpg,05ddd9d49f86c65912658ebdb5a58937,17027580355805184,perceptual_canonical,ahash_003c7e7e7e7e0000,True,False,False,True
anonymous_003-007-1314-01_1733460606394_Frontal_View.jpg,retractors/Frontal/anonymous_003-007-1314-01_1733460606394_Frontal_View.jpg,2066338ad3bdfca154e7a8f932215ec2,6894481194221568,perceptual_duplicate_of_anonymous_003-007-1077-01_1731472609793_Frontal_View.jpg,ahash_00187e7e7e7e0000,False,False,False,True
anonymous_003-007-1332-01_1733546368703_Frontal_View.jpg,retractors/Frontal/anonymous_003-007-1332-01_1733546368703_Frontal_View.jpg,ba3fb040a9ddc0aee828a4d334ffd1a0,6894481194221568,perceptual_duplicate_of_anonymous_003-007-1077-01_1731472609793_Frontal_View.jpg,ahash_00187e7e7e7e0000,False,False,False,True
anonymous_003-007-1343-01_1733556695047_Frontal_View.jpg,retractors/Frontal/anonymous_003-007-1343-01_1733556695047_Frontal_View.jpg,49d181dbeb5ebf6b44edb7dc0f2e039d,17027580355805184,perceptual_duplicate_of_anonymous_003-007-1298-01_1733383416338_Frontal_View.jpg,ahash_003c7e7e7e7e0000,False,False,False,True
anonymous_003-007-1360-01_1733723628464_Frontal_View.jpg,retractors/Frontal/anonymous_003-007-1360-01_1733723628464_Frontal_View.jpg,20977985947165b49f2bdf307b900ca5,137434633223168,perceptual_canonical,ahash_00007cfefe7e3c00,True,False,False,True
anonymous_003-007-1366-01_1733731435587_Frontal_View.jpg,retractors/Frontal/anonymous_003-007-1366-01_1733731435587_Frontal_View.jpg,2cdc90629834c2536b9212e9dd0a86c9,139081753165824,perceptual_duplicate_of_anonymous_003-007-1164-01_1732681409763_Frontal_View.jpg,ahash_00007e7e7e7e0000,False,False,False,True
anonymous_003-007-1379-01_1733805335595_Frontal_View.jpg,retractors/Frontal/anonymous_003-007-1379-01_1733805335595_Frontal_View.jpg,a2e854ad239200a5790fa2248998df6d,17027580351479808,perceptual_duplicate_of_anonymous_003-007-1282-01_1733296511775_Frontal_View.jpg,ahash_003c7e7e7e3c0000,False,False,False,True
anonymous_003-007-1381-01_1733807088132_Frontal_View.jpg,retractors/Frontal/anonymous_003-007-1381-01_1733807088132_Frontal_View.jpg,c2b899376b4029fde15ffea15082cd1a,17027580351479808,perceptual_duplicate_of_anonymous_003-007-1282-01_1733296511775_Frontal_View.jpg,ahash_003c7e7e7e3c0000,False,False,False,True
anonymous_003-007-1407-01_1733905373045_Frontal_View.jpg,retractors/Frontal/anonymous_003-007-1407-01_1733905373045_Frontal_View.jpg,53dd72f5082a5e36fd593bbfdf8d9834,66513985747968,perceptual_duplicate_of_anonymous_003-007-1208-00_1732856242544_Frontal_View.jpg,ahash_00003c7e7e7e3c00,False,False,False,True
anonymous_003-007-1422-01_1733982266210_Frontal_View.jpg,retractors/Frontal/anonymous_003-007-1422-01_1733982266210_Frontal_View.jpg,6c60e1326423cdb93e1774814b9fa026,6894481194221568,perceptual_duplicate_of_anonymous_003-007-1077-01_1731472609793_Frontal_View.jpg,ahash_00187e7e7e7e0000,False,False,False,True
anonymous_003-007-1447-01_1734069643857_Frontal_View.jpg,retractors/Frontal/anonymous_003-007-1447-01_1734069643857_Frontal_View.jpg,acefdabbe64c66c961d03ca2696ec130,6894481194221568,perceptual_duplicate_of_anonymous_003-007-1077-01_1731472609793_Frontal_View.jpg,ahash_00187e7e7e7e0000,False,False,False,True
anonymous_003-007-1469-01_1734153129262_Frontal_View.jpg,retractors/Frontal/anonymous_003-007-1469-01_1734153129262_Frontal_View.jpg,d501c28cf11b6edf899af1ae2bd04bcc,17027580351610880,perceptual_canonical,ahash_003c7e7e7e3e0000,True,False,False,True
anonymous_003-007-674-01_1729243660931_Frontal_View.jpg,retractors/Frontal/anonymous_003-007-674-01_1729243660931_Frontal_View.jpg,035f25939c7fd229e1623630f6b67b04,15901680448968704,perceptual_duplicate_of_anonymous_003-007-1241-00_1732955159187_Frontal_View.jpg,ahash_00387e7e7e7e1800,False,False,False,True
anonymous_003-007-695-01_1729317296393_Frontal_View.jpg,retractors/Frontal/anonymous_003-007-695-01_1729317296393_Frontal_View.jpg,5db584fbbe964c1933196c73691223a7,136882729925632,perceptual_canonical,ahash_00007c7e7e7e3c00,True,False,False,True
anonymous_003-007-754-01_1729664945866_Frontal_View.jpg,retractors/Frontal/anonymous_003-007-754-01_1729664945866_Frontal_View.jpg,5bd2308be0586b3fd1c3850775f9c0c5,17027580351479808,perceptual_duplicate_of_anonymous_003-007-1282-01_1733296511775_Frontal_View.jpg,ahash_003c7e7e7e3c0000,False,False,False,True
anonymous_003-007-804-01_1729918395380_Frontal_View.jpg,retractors/Frontal/anonymous_003-007-804-01_1729918395380_Frontal_View.jpg,d798a92bb5111ee6ac88781d1bdf3160,6892282170981376,perceptual_duplicate_of_anonymous_003-007-1057-01_1731389144492_Frontal_View.jpg,ahash_00187c7e7e7e3c00,False,False,False,True
anonymous_003-007-827-01_1730088725164_Frontal_View.jpg,retractors/Frontal/anonymous_003-007-827-01_1730088725164_Frontal_View.jpg,cdd549a5651fb898a33d696aac11b80f,17027580351610880,perceptual_duplicate_of_anonymous_003-007-1469-01_1734153129262_Frontal_View.jpg,ahash_003c7e7e7e3e0000,False,False,False,True
anonymous_003-007-841-01_1730175365858_Frontal_View.jpg,retractors/Frontal/anonymous_003-007-841-01_1730175365858_Frontal_View.jpg,043d543034f746eeedf2a5d19ac97f4a,1157564185987383296,perceptual_duplicate_of_anonymous-frontalView-1727441649748.jpg,ahash_10107e7e7e7e0000,False,False,False,True
anonymous_003-007-871-01_1730265932046_Frontal_View.jpg,retractors/Frontal/anonymous_003-007-871-01_1730265932046_Frontal_View.jpg,643b16070934c00673a0a3ee3b20055d,6821913426788352,perceptual_duplicate_of_anonymous_003-007-1043-01_1731313150655_Frontal_View.jpg,ahash_00183c7e7e7e0000,False,False,False,True
anonymous_003-007-902-01_1730356318368_Frontal_View.jpg,retractors/Frontal/anonymous_003-007-902-01_1730356318368_Frontal_View.jpg,70ec323a086d2c85d30658e6264dc679,2320512822673408,perceptual_canonical,ahash_00083e7e7e7e0000,True,False,False,True
anonymous_003-008-1051-01_1731329026684_Frontal_View.jpg,retractors/Frontal/anonymous_003-008-1051-01_1731329026684_Frontal_View.jpg,c66519ee6c3f63989a1e4a05407a2697,31329613659136,perceptual_canonical,ahash_00001c7e7e7e3c00,True,False,False,True
anonymous_003-008-1103-01_1732271904022_Frontal_View.jpg,retractors/Frontal/anonymous_003-008-1103-01_1732271904022_Frontal_View.jpg,e44f62d6ac5a07049b3723c5b9a69ea0,6894481194227712,perceptual_duplicate_of_anonymous_003-007-1211-01_1732860586562_Frontal_View.jpg,ahash_00187e7e7e7e1800,False,False,False,True
anonymous_003-008-1185-01_1732712307535_Frontal_View.jpg,retractors/Frontal/anonymous_003-008-1185-01_1732712307535_Frontal_View.jpg,8fbf0b33a4f3f9f03cff34ab2b898e7d,31329613659136,perceptual_duplicate_of_anonymous_003-008-1051-01_1731329026684_Frontal_View.jpg,ahash_00001c7e7e7e3c00,False,False,False,True
anonymous_003-008-1244-01_1732962596526_Frontal_View.jpg,retractors/Frontal/anonymous_003-008-1244-01_1732962596526_Frontal_View.jpg,3d591933aaef799888985dc785fca146,137434633223168,perceptual_duplicate_of_anonymous_003-007-1360-01_1733723628464_Frontal_View.jpg,ahash_00007cfefe7e3c00,False,False,False,True
anonymous_003-008-1294-01_1733315157711_Frontal_View.jpg,retractors/Frontal/anonymous_003-008-1294-01_1733315157711_Frontal_View.jpg,1e5337ff90c62e9e8d615370b31cd13e,6894472621064192,perceptual_canonical,ahash_00187e7c7f7e0000,True,False,False,True
anonymous_003-008-1326-01_1733483791924_Frontal_View.jpg,retractors/Frontal/anonymous_003-008-1326-01_1733483791924_Frontal_View.jpg,203989a9c00f38f75e9619320be6c426,66514002516992,perceptual_canonical,ahash_00003c7e7f7e1c00,True,False,False,True
anonymous_003-008-1353-01_1733575066516_Frontal_View.jpg,retractors/Frontal/anonymous_003-008-1353-01_1733575066516_Frontal_View.jpg,de4c1553316609d8e0dfdf2481c6acaa,67065889037312,perceptual_canonical,ahash_00003cfefe7e1c00,True,False,False,True
anonymous_003-008-1389-01_1733825027941_Frontal_View.jpg,retractors/Frontal/anonymous_003-008-1389-01_1733825027941_Frontal_View.jpg,769f71ee45903dde1d89bcdd0bdc02e4,66514002516992,perceptual_duplicate_of_anonymous_003-008-1326-01_1733483791924_Frontal_View.jpg,ahash_00003c7e7f7e1c00,False,False,False,True
anonymous_003-008-1391-01_1733827595823_Frontal_View.jpg,retractors/Frontal/anonymous_003-008-1391-01_1733827595823_Frontal_View.jpg,ef9a4d1fde1dd1adbb123c7b336bd28a,15901680448976896,perceptual_canonical,ahash_00387e7e7e7e3800,True,False,False,True
anonymous_003-008-1411-01_1733912476033_Frontal_View.jpg,retractors/Frontal/anonymous_003-008-1411-01_1733912476033_Frontal_View.jpg,9286700bd74296cbd6ea4774d3cb1260,17027580351479808,perceptual_duplicate_of_anonymous_003-007-1282-01_1733296511775_Frontal_View.jpg,ahash_003c7e7e7e3c0000,False,False,False,True
anonymous_003-008-1437-01_1734003718169_Frontal_View.jpg,retractors/Frontal/anonymous_003-008-1437-01_1734003718169_Frontal_View.jpg,ade3e831cbddb2e39ac3c57a272ae439,66513985747968,perceptual_duplicate_of_anonymous_003-007-1208-00_1732856242544_Frontal_View.jpg,ahash_00003c7e7e7e3c00,False,False,False,True
anonymous_003-008-598-01_1729004550645_Frontal_View.jpg,retractors/Frontal/anonymous_003-008-598-01_1729004550645_Frontal_View.jpg,963a22348e10be89e9a99c65f495a834,6894481194227712,perceptual_duplicate_of_anonymous_003-007-1211-01_1732860586562_Frontal_View.jpg,ahash_00187e7e7e7e1800,False,False,False,True
anonymous_003-008-645-01_1729160496237_Frontal_View.jpg,retractors/Frontal/anonymous_003-008-645-01_1729160496237_Frontal_View.jpg,d90d3347ca3b85cccefa0f0b2f659f25,16042969840490496,perceptual_duplicate_of_anonymous_003-008-1275-00_1733142218216_Frontal_View.jpg,ahash_0038fefefe7c1800,False,False,False,True
anonymous_003-008-846-01_1730116835568_Frontal_View.jpg,retractors/Frontal/anonymous_003-008-846-01_1730116835568_Frontal_View.jpg,f355cca483f21403d7afd1160ce93483,139081753181184,perceptual_duplicate_of_anonymous_003-007-1406-00_1733903593844_Frontal_View.jpg,ahash_00007e7e7e7e3c00,False,False,False,True
anonymous_003-008-848-01_1730119322029_Frontal_View.jpg,retractors/Frontal/anonymous_003-008-848-01_1730119322029_Frontal_View.jpg,cada32abd2bbabde0a5863a9c243dd2d,66513985607704,perceptual_canonical,ahash_00003c7e7e7c1818,True,False,False,True
anonymous_003-008-861-01_1730204968896_Frontal_View.jpg,retractors/Frontal/anonymous_003-008-861-01_1730204968896_Frontal_View.jpg,672563776dff806e90df7ea658ae0bd0,136882729925632,perceptual_duplicate_of_anonymous_003-007-695-01_1729317296393_Frontal_View.jpg,ahash_00007c7e7e7e3c00,False,False,False,True
anonymous_003-008-930-01_1730717194382_Frontal_View.jpg,retractors/Frontal/anonymous_003-008-930-01_1730717194382_Frontal_View.jpg,cdafadb2b8035570368990c7afeb660d,137434633213952,perceptual_canonical,ahash_00007cfefe7e1800,True,False,False,True
anonymous_003-008-936-01_1730726791401_Frontal_View.jpg,retractors/Frontal/anonymous_003-008-936-01_1730726791401_Frontal_View.jpg,0db25b888f93e85b66b55f75e7e3e005,6894472621064192,perceptual_duplicate_of_anonymous_003-008-1294-01_1733315157711_Frontal_View.jpg,ahash_00187e7c7f7e0000,False,False,False,True
anonymous_003-008-972-01_1730889157047_Frontal_View.jpg,retractors/Frontal/anonymous_003-008-972-01_1730889157047_Frontal_View.jpg,98cfd15614433aa34da68a56f27d15d3,67065889037312,perceptual_duplicate_of_anonymous_003-008-1353-01_1733575066516_Frontal_View.jpg,ahash_00003cfefe7e1c00,False,False,False,True
anonymous_003-009-702-01_1729333600227_Frontal_View.jpg,retractors/Frontal/anonymous_003-009-702-01_1729333600227_Frontal_View.jpg,972e5cfd3109f6cc7dd56b6e42143094,280371153207296,perceptual_duplicate_of_anonymous_003_103_330_00_1727960568473_Frontal_View.jpg,ahash_0000fefefefe0000,False,False,False,True
anonymous_003_007_447_01_1728537828958_Frontal_View.jpg,retractors/Frontal/anonymous_003_007_447_01_1728537828958_Frontal_View.jpg,dafc2eaba137c01a4f613352fb42c7b3,2320512822688768,perceptual_duplicate_of_anonymous_003-007-1239-00_1732953329744_Frontal_View.jpg,ahash_00083e7e7e7e3c00,False,False,False,True
anonymous_003_007_473_01_1728630705947_Frontal_View.jpg,retractors/Frontal/anonymous_003_007_473_01_1728630705947_Frontal_View.jpg,83110d80107b71749e84af5b7738b58c,6894481194227712,perceptual_duplicate_of_anonymous_003-007-1211-01_1732860586562_Frontal_View.jpg,ahash_00187e7e7e7e1800,False,False,False,True
anonymous_003_007_475_01_1728635243973_Frontal_View.jpg,retractors/Frontal/anonymous_003_007_475_01_1728635243973_Frontal_View.jpg,7299bc7e182339d958ee781ceb59b93d,15901680448976896,perceptual_duplicate_of_anonymous_003-008-1391-01_1733827595823_Frontal_View.jpg,ahash_00387e7e7e7e3800,False,False,False,True
anonymous_003_007_549_01_1728881829256_Frontal_View.jpg,retractors/Frontal/anonymous_003_007_549_01_1728881829256_Frontal_View.jpg,2eff1a9691e109f655f9e0a0da04bd17,2320512822673408,perceptual_duplicate_of_anonymous_003-007-902-01_1730356318368_Frontal_View.jpg,ahash_00083e7e7e7e0000,False,False,False,True
anonymous_003_008_531_01_1728805458452_Frontal_View.jpg,retractors/Frontal/anonymous_003_008_531_01_1728805458452_Frontal_View.jpg,038e13ae89d8919182132e629571744e,139633664851968,perceptual_duplicate_of_anonymous_003_103_444_00_1728484210222_Frontal_View.jpg,ahash_00007efefefe0000,False,False,False,True
anonymous_003_008_539_01_1728816064645_Frontal_View.jpg,retractors/Frontal/anonymous_003_008_539_01_1728816064645_Frontal_View.jpg,1bd8be21b2efefffbdf7f8303942f7ef,137434633213952,perceptual_duplicate_of_anonymous_003-008-930-01_1730717194382_Frontal_View.jpg,ahash_00007cfefe7e1800,False,False,False,True
anonymous_003_103_297_01_1727863917233_Frontal_View.jpg,retractors/Frontal/anonymous_003_103_297_01_1727863917233_Frontal_View.jpg,dbc05fa827abe01bf46b5576b9e4e636,592360233728999440,perceptual_duplicate_of_anonymous-frontalView-1727864379482.jpg,ahash_08387c7e7e7c0010,False,False,False,True
anonymous_003_103_299_01_1727868080003_Frontal_View.jpg,retractors/Frontal/anonymous_003_103_299_01_1727868080003_Frontal_View.jpg,591ab970e890702c666758763b5a8ab2,6894472604293168,perceptual_duplicate_of_anonymous-frontalView-1727868181581.jpg,ahash_00187e7c7e7e1830,False,False,False,True
anonymous_003_103_301_01_1727870655318_Frontal_View.jpg,retractors/Frontal/anonymous_003_103_301_01_1727870655318_Frontal_View.jpg,357f105838e21d13aaaba625d8cf4066,1746409837261888512,perceptual_duplicate_of_anonymous-frontalView-1727870763972.jpg,ahash_183c7e7e7e3e1c00,False,False,False,True
anonymous_003_103_304_01_1727873448702_Frontal_View.jpg,retractors/Frontal/anonymous_003_103_304_01_1727873448702_Frontal_View.jpg,d206e48c00f20ccc8c79fa30ed0e96d1,136882729910272,perceptual_duplicate_of_anonymous-frontalView-1727873577995.jpg,ahash_00007c7e7e7e0000,False,False,False,True
anonymous_003_103_306_01_1727875509639_Frontal_View.jpg,retractors/Frontal/anonymous_003_103_306_01_1727875509639_Frontal_View.jpg,f8b0efc5028b0a77bd8e72cfb4d5fa39,4549777805483609614,perceptual_duplicate_of_anonymous-frontalView-1727875640825.jpg,ahash_3f240eceeece8e0e,False,False,False,True
anonymous_003_103_308_01_1727877227409_Frontal_View.jpg,retractors/Frontal/anonymous_003_103_308_01_1727877227409_Frontal_View.jpg,d6b589c1af9bc9fda458a0b6218effb5,139081748971544,perceptual_duplicate_of_anonymous-frontalView-1727877290347.jpg,ahash_00007e7e7e3e0018,False,False,False,True
anonymous_003_103_386_01_1728197609481_Frontal_View.jpg,retractors/Frontal/anonymous_003_103_386_01_1728197609481_Frontal_View.jpg,3127f8b1221957f8e655cf85df2f1bb4,280371144818688,perceptual_duplicate_of_anonymous_003_007_462_00_1728566123721_Frontal_View.jpg,ahash_0000fefefe7e0000,False,False,False,True
anonymous_004-007-1264-01_1733126393853_Frontal_View.jpg,retractors/Frontal/anonymous_004-007-1264-01_1733126393853_Frontal_View.jpg,7544ddd6fda359090d1d28afffe0b56c,7950012356755456,perceptual_duplicate_of_anonymous_003-007-1150-01_1732607471437_Frontal_View.jpg,ahash_001c3e7e7e7c0000,False,False,False,True
anonymous_004-008-1461-01_1734090409186_Frontal_View.jpg,retractors/Frontal/anonymous_004-008-1461-01_1734090409186_Frontal_View.jpg,827cd2eeb50370fbfb79d9e4a918448b,136882729925632,perceptual_duplicate_of_anonymous_003-007-695-01_1729317296393_Frontal_View.jpg,ahash_00007c7e7e7e3c00,False,False,False,True
anonymous_005-007-1029-01_1731225249737_Frontal_View.jpg,retractors/Frontal/anonymous_005-007-1029-01_1731225249737_Frontal_View.jpg,beb3d8a09666b0eb63b200d786141331,66513985607704,perceptual_duplicate_of_anonymous_003-008-848-01_1730119322029_Frontal_View.jpg,ahash_00003c7e7e7c1818,False,False,False,True
anonymous_003-008-1045-01_1731320462211_Left_Lateral_View.jpg,retractors/Left_Lateral/anonymous_003-008-1045-01_1731320462211_Left_Lateral_View.jpg,0f880181b6241731805af1a16747aa95,264969400483840,perceptual_duplicate_of_anonymous_003-008-801-00_1729865168164_Left_Lateral_View.jpg,ahash_0000f0fcfefe0000,False,False,False,True
anonymous_003-008-1154-01_1732616939998_Left_Lateral_View.jpg,retractors/Left_Lateral/anonymous_003-008-1154-01_1732616939998_Left_Lateral_View.jpg,6efdbdef8aa2d8c495cbe3b53fa94c8b,124214732288000,perceptual_canonical,ahash_000070f8fefe7000,True,False,False,True
anonymous_003-008-1160-01_1732625597418_Left_Lateral_View.jpg,retractors/Left_Lateral/anonymous_003-008-1160-01_1732625597418_Left_Lateral_View.jpg,91be791c49e8cd922f91d43a048fd97f,273765493374976,perceptual_duplicate_of_anonymous_003-008-599-00_1729004805118_Left_Lateral_View.jpg,ahash_0000f8fcfefc0000,False,False,False,True
anonymous_003-008-1252-01_1732970654409_Left_Lateral_View.jpg,retractors/Left_Lateral/anonymous_003-008-1252-01_1732970654409_Left_Lateral_View.jpg,4db754a8a54748c0c639379d845f43a2,273774075052032,perceptual_duplicate_of_anonymous_003-008-866-00_1730209761250_Left_Lateral_View.jpg,ahash_0000f8fefe7e0000,False,False,False,True
anonymous_003_103_297_01_1727863917233_Left_Lateral_View.jpg,retractors/Left_Lateral/anonymous_003_103_297_01_1727863917233_Left_Lateral_View.jpg,0292af1498ef28f114ab52a281dfce0f,329036538257920000,perceptual_duplicate_of_anonymous-leftLateralView-1727864514194.jpg,ahash_0490f8fcfcfcd000,False,False,False,True
anonymous_003_103_299_01_1727868080003_Left_Lateral_View.jpg,retractors/Left_Lateral/anonymous_003_103_299_01_1727868080003_Left_Lateral_View.jpg,41fdab78d2b999dd91b836782d38a02a,67827759861727232,perceptual_duplicate_of_anonymous-leftLateralView-1727868277532.jpg,ahash_00f0f8fcfc780000,False,False,False,True
anonymous_003_103_301_01_1727870655318_Left_Lateral_View.jpg,retractors/Left_Lateral/anonymous_003_103_301_01_1727870655318_Left_Lateral_View.jpg,1ef7924051c812892f873d58722be261,273748280012800,perceptual_duplicate_of_anonymous-leftLateralView-1727870920176.jpg,ahash_0000f8f8fcfcf000,False,False,False,True
anonymous_003_103_304_01_1727873448702_Left_Lateral_View.jpg,retractors/Left_Lateral/anonymous_003_103_304_01_1727873448702_Left_Lateral_View.jpg,1267fb4dc934a25de06761ed6663b8f1,67832166540408832,perceptual_duplicate_of_anonymous-leftLateralView-1727873698984.jpg,ahash_00f0fcfefefc7800,False,False,False,True
anonymous_003_103_306_01_1727875509639_Left_Lateral_View.jpg,retractors/Left_Lateral/anonymous_003_103_306_01_1727875509639_Left_Lateral_View.jpg,2fedbd7545b39966640be4cc9ba550dd,273774083338240,perceptual_duplicate_of_anonymous-leftLateralView-1727875767700.jpg,ahash_0000f8fefefc7000,False,False,False,True
anonymous_003_103_308_01_1727877227409_Left_Lateral_View.jpg,retractors/Left_Lateral/anonymous_003_103_308_01_1727877227409_Left_Lateral_View.jpg,99f7cdd878994014522c4224e066832e,264969366597632,perceptual_duplicate_of_anonymous-leftLateralView-1727877375379.jpg,ahash_0000f0fcfcf8f000,False,False,False,True
anonymous_004-008-1019-01_1731071445859_Left_Lateral_View.jpg,retractors/Left_Lateral/anonymous_004-008-1019-01_1731071445859_Left_Lateral_View.jpg,df53fb0f1d814fa06ffade0db4cb1702,124214732288000,perceptual_duplicate_of_anonymous_003-008-1154-01_1732616939998_Left_Lateral_View.jpg,ahash_000070f8fefe7000,False,False,False,True
anonymous_003_103_297_01_1727863917233_Mandibular_View.jpg,retractors/Mandibular/anonymous_003_103_297_01_1727863917233_Mandibular_View.jpg,68489fce878940259ea053ac8e9d0d5c,18304881069215611964,perceptual_duplicate_of_anonymous-mandibularView-1727864656191.jpg,ahash_fe0800595a5e7c3c,False,False,False,True
anonymous_003_103_299_01_1727868080003_Mandibular_View.jpg,retractors/Mandibular/anonymous_003_103_299_01_1727868080003_Mandibular_View.jpg,3bd2823404c71c9739b621febf4a07a1,11374220479310490684,perceptual_duplicate_of_anonymous-mandibularView-1727868418747.jpg,ahash_9dd9594342466c3c,False,False,False,True
anonymous_003_103_301_01_1727870655318_Mandibular_View.jpg,retractors/Mandibular/anonymous_003_103_301_01_1727870655318_Mandibular_View.jpg,4699a6d218bedcb574f7ce128bf030f3,8647416801318042684,perceptual_duplicate_of_anonymous-mandibularView-1727871049870.jpg,ahash_7801cbc3cb4e7c3c,False,False,False,True
anonymous_003_103_304_01_1727873448702_Mandibular_View.jpg,retractors/Mandibular/anonymous_003_103_304_01_1727873448702_Mandibular_View.jpg,187d4c10767d96b6eb8409b2b0f151fe,1783706667360074776,perceptual_duplicate_of_anonymous-mandibularView-1727873809936.jpg,ahash_18c0ffc3737e3c18,False,False,False,True
anonymous_003_103_306_01_1727875509639_Mandibular_View.jpg,retractors/Mandibular/anonymous_003_103_306_01_1727875509639_Mandibular_View.jpg,938f66f4be248560cc0721f7155ee1c7,36244077951220796,perceptual_duplicate_of_anonymous-mandibularView-1727875877197.jpg,ahash_0080c3cbff7e7c3c,False,False,False,True
anonymous_003_103_308_01_1727877227409_Mandibular_View.jpg,retractors/Mandibular/anonymous_003_103_308_01_1727877227409_Mandibular_View.jpg,6136830727ca62ee332dad136f659080,18158656496064425016,perceptual_duplicate_of_anonymous-mandibularView-1727877464494.jpg,ahash_fc0081dfde426c38,False,False,False,True
anonymous_003-007-1399-01_1733893694425_Maxillary_Occlusal_View.jpg,retractors/Maxillary_Occlusal/anonymous_003-007-1399-01_1733893694425_Maxillary_Occlusal_View.jpg,8bab98990bc68d99748d1cfdaa7b630d,4359033930574447360,perceptual_duplicate_of_anonymous_003-007-985-00_1730956707154_Maxillary_Occlusal_View.jpg,ahash_3c7e6643c3c3c300,False,False,False,True
anonymous_003-007-900-01_1730353637670_Maxillary_Occlusal_View.jpg,retractors/Maxillary_Occlusal/anonymous_003-007-900-01_1730353637670_Maxillary_Occlusal_View.jpg,b2ca8eca1d9e17fb76f68cfbf4c535c5,2035204148080870144,perceptual_duplicate_of_anonymous_003-007-1212-00_1732860958536_Maxillary_Occlusal_View.jpg,ahash_1c3e7f63c3c30300,False,False,False,True
anonymous_003_103_297_01_1727863917233_Maxillary_Occlusal_View.jpg,retractors/Maxillary_Occlusal/anonymous_003_103_297_01_1727863917233_Maxillary_Occlusal_View.jpg,f94e851f6a82582aef6718fea98a801a,2035176656114277438,perceptual_duplicate_of_anonymous-maxillaryView-1727864559466.jpg,ahash_1c3e6662cadbdc3e,False,False,False,True
anonymous_003_103_299_01_1727868080003_Maxillary_Occlusal_View.jpg,retractors/Maxillary_Occlusal/anonymous_003_103_299_01_1727868080003_Maxillary_Occlusal_View.jpg,35e36bacf6d26328a4d8528f6d15769c,2034560947604643640,perceptual_duplicate_of_anonymous-maxillaryView-1727868347839.jpg,ahash_1c3c3666fbdb5f38,False,False,False,True
anonymous_003_103_301_01_1727870655318_Maxillary_Occlusal_View.jpg,retractors/Maxillary_Occlusal/anonymous_003_103_301_01_1727870655318_Maxillary_Occlusal_View.jpg,aa21b6c1f622e7a3d86f65df9eaf31a4,4340457145139681848,perceptual_duplicate_of_anonymous-maxillaryView-1727870975790.jpg,ahash_3c3c66c6dadb5a38,False,False,False,True
anonymous_003_103_304_01_1727873448702_Maxillary_Occlusal_View.jpg,retractors/Maxillary_Occlusal/anonymous_003_103_304_01_1727873448702_Maxillary_Occlusal_View.jpg,cc434bda8a797191a09a2e693adc1e6f,6358069898209122328,perceptual_duplicate_of_anonymous-maxillaryView-1727873753992.jpg,ahash_583c66e2cbdbd818,False,False,False,True
anonymous_003_103_306_01_1727875509639_Maxillary_Occlusal_View.jpg,retractors/Maxillary_Occlusal/anonymous_003_103_306_01_1727875509639_Maxillary_Occlusal_View.jpg,8d768c160b94aaedba8b7acb96a843be,1746381148434202429,perceptual_duplicate_of_anonymous-maxillaryView-1727875819210.jpg,ahash_183c6466dadbff3d,False,False,False,True
anonymous_003_103_308_01_1727877227409_Maxillary_Occlusal_View.jpg,retractors/Maxillary_Occlusal/anonymous_003_103_308_01_1727877227409_Maxillary_Occlusal_View.jpg,c3cfbc76b9f1fa15263c16869e574121,1746383327872162878,perceptual_duplicate_of_anonymous-maxillaryView-1727877409990.jpg,ahash_183c66624b7c1c3e,False,False,False,True
anonymous_003-008-1111-01_1732358129668_Right_Lateral_View.jpg,retractors/Right_Lateral/anonymous_003-008-1111-01_1732358129668_Right_Lateral_View.jpg,d9873723fd6e9a2b9c4d4149aaeb4184,68717320732672,perceptual_duplicate_of_anonymous_003-008-1440-00_1734006422034_Right_Lateral_View.jpg,ahash_00003e7f7f7e0000,False,False,False,True
anonymous_003-008-1176-01_1732700821121_Right_Lateral_View.jpg,retractors/Right_Lateral/anonymous_003-008-1176-01_1732700821121_Right_Lateral_View.jpg,4ae1fe4ccecd93316f99c47dbd6b4da6,68717316538368,perceptual_canonical,ahash_00003e7f7f3e0000,True,False,False,True
anonymous_003-008-1178-01_1732704505600_Right_Lateral_View.jpg,retractors/Right_Lateral/anonymous_003-008-1178-01_1732704505600_Right_Lateral_View.jpg,74f6525ba0015103e13ce76b253988cd,4010466502115328,perceptual_canonical,ahash_000e3f7f7f3e0000,True,False,False,True
anonymous_003-008-1286-01_1733305529690_Right_Lateral_View.jpg,retractors/Right_Lateral/anonymous_003-008-1286-01_1733305529690_Right_Lateral_View.jpg,65cc217faa4e419d477f64806d490b77,4010466502115328,perceptual_duplicate_of_anonymous_003-008-1178-01_1732704505600_Right_Lateral_View.jpg,ahash_000e3f7f7f3e0000,False,False,False,True
anonymous_003-008-1310-01_1733403923542_Right_Lateral_View.jpg,retractors/Right_Lateral/anonymous_003-008-1310-01_1733403923542_Right_Lateral_View.jpg,6d456cfcedd1c10a9d935cb9e7e60cde,2004957292920832,perceptual_duplicate_of_anonymous_003-008-1305-00_1733394975162_Right_Lateral_View.jpg,ahash_00071f7f7f3c0000,False,False,False,True
anonymous_003-008-1437-01_1734003718169_Right_Lateral_View.jpg,retractors/Right_Lateral/anonymous_003-008-1437-01_1734003718169_Right_Lateral_View.jpg,3951f43aa9c18bf3e2f400a95f035a88,8514066129551360,perceptual_duplicate_of_anonymous_003-008-1072-00_1731415782557_Right_Lateral_View.jpg,ahash_001e3f7f7f3f0000,False,False,False,True
anonymous_003-008-1439-01_1734006035878_Right_Lateral_View.jpg,retractors/Right_Lateral/anonymous_003-008-1439-01_1734006035878_Right_Lateral_View.jpg,1f103e6a4749c402e6824f272a04acad,68717316607744,perceptual_duplicate_of_anonymous_003-008-1438-00_1734004111041_Right_Lateral_View.jpg,ahash_00003e7f7f3f0f00,False,False,False,True
anonymous_003-008-653-01_1729171852238_Right_Lateral_View.jpg,retractors/Right_Lateral/anonymous_003-008-653-01_1729171852238_Right_Lateral_View.jpg,2a46cf0fcdf3f19d49d8862e433db3b7,2004681341409280,perceptual_canonical,ahash_00071f3f3f3e1800,True,False,False,True
anonymous_003-008-823-01_1729949111612_Right_Lateral_View.jpg,retractors/Right_Lateral/anonymous_003-008-823-01_1729949111612_Right_Lateral_View.jpg,09f7063674e64128a32c8f5945ce9a69,2004681341409280,perceptual_duplicate_of_anonymous_003-008-653-01_1729171852238_Right_Lateral_View.jpg,ahash_00071f3f3f3e1800,False,False,False,True
anonymous_003-008-842-01_1730112126234_Right_Lateral_View.jpg,retractors/Right_Lateral/anonymous_003-008-842-01_1730112126234_Right_Lateral_View.jpg,e63d190fbb803831ae16940f9dce02d7,68717316538368,perceptual_duplicate_of_anonymous_003-008-1176-01_1732700821121_Right_Lateral_View.jpg,ahash_00003e7f7f3e0000,False,False,False,True
anonymous_003-008-844-01_1730114343391_Right_Lateral_View.jpg,retractors/Right_Lateral/anonymous_003-008-844-01_1730114343391_Right_Lateral_View.jpg,21445ead729abcf025c7f1cd388a3e26,15665884765184,perceptual_duplicate_of_anonymous_003-008-1251-00_1732969328065_Right_Lateral_View.jpg,ahash_00000e3f7f7f1c00,False,False,False,True
anonymous_003_103_297_01_1727863917233_Right_Lateral_View.jpg,retractors/Right_Lateral/anonymous_003_103_297_01_1727863917233_Right_Lateral_View.jpg,0b1bdd59f43205fb95889acd4524de10,9736570460274819072,perceptual_duplicate_of_anonymous-rightLateralView-1727864470758.jpg,ahash_871f3f3f3f3e0000,False,False,False,True
anonymous_003_103_299_01_1727868080003_Right_Lateral_View.jpg,retractors/Right_Lateral/anonymous_003_103_299_01_1727868080003_Right_Lateral_View.jpg,03b34cf4a3aaaf8cf05cfac135158d94,147316412944089607,perceptual_duplicate_of_anonymous-rightLateralView-1727868231772.jpg,ahash_020b5f7f3f1e0207,False,False,False,True
anonymous_003_103_301_01_1727870655318_Right_Lateral_View.jpg,retractors/Right_Lateral/anonymous_003_103_301_01_1727870655318_Right_Lateral_View.jpg,630b3fb5a1c3f196b6e0dd0f47b91402,152910453230410752,perceptual_duplicate_of_anonymous-rightLateralView-1727870857602.jpg,ahash_021f3f3f3f3e1c00,False,False,False,True
anonymous_003_103_304_01_1727873448702_Right_Lateral_View.jpg,retractors/Right_Lateral/anonymous_003_103_304_01_1727873448702_Right_Lateral_View.jpg,6c83b9042ba9d3f2491d8dca5eb5677d,224968047268404224,perceptual_duplicate_of_anonymous-rightLateralView-1727873648476.jpg,ahash_031f3f3f3f3f1c00,False,False,False,True
anonymous_003_103_308_01_1727877227409_Right_Lateral_View.jpg,retractors/Right_Lateral/anonymous_003_103_308_01_1727877227409_Right_Lateral_View.jpg,d731ab208a7cd1a51e97e324a60d62ea,72091950540327939,perceptual_duplicate_of_anonymous-rightLateralView-1727877334079.jpg,ahash_01001f3f3f1f0c03,False,False,False,True
